Employee ID,Name,Phone Number,Department,Date of Birth,Age
10001,Karthik Latha,9000010001,CORPORATE,1978-07-16,47
10002,Divya Rani,9000010002,CORPORATE,1986-12-25,39
10003,Rahul Goud,9000010003,CORPORATE,1991-09-06,34
10004,Kiran Chary,9000010004,CORPORATE,1975-07-31,50
10005,Anil Rani,9000010005,CORPORATE,1959-03-10,67
10006,Vijay Singh,9000010006,CORPORATE,1995-05-11,31
10007,Jyothi Reddy,9000010007,CORPORATE,1989-03-26,37
10008,Sunita Chary,9000010008,CORPORATE,1962-02-08,64
10009,Siddharth Varma,9000010009,CORPORATE,1980-01-15,46
10010,Manoj Kumar,9000010010,CORPORATE,1981-02-06,45
10011,Venkat Lal,9000010011,CORPORATE,1987-01-04,39
10012,Rahul Babu,9000010012,CORPORATE,1973-06-24,52
10013,Kalyan Latha,9000010013,CORPORATE,1984-10-31,41
10014,Mohan Pillai,9000010014,CORPORATE,2000-11-11,25
10015,Ravi Shah,9000010015,CORPORATE,1990-11-20,35
10016,Vikram Rao,9000010016,CORPORATE,2000-09-21,25
10017,Kavitha Iyengar,9000010017,CORPORATE,1968-02-25,58
10018,Jyothi Tiwari,9000010018,CORPORATE,1987-01-10,39
10019,Shilpa Mehta,9000010019,CORPORATE,1976-08-11,49
10020,Aravind Sarma,9000010020,CORPORATE,1978-03-21,48
10021,Manoj Menon,9000010021,CORPORATE,1967-03-02,59
10022,Venkat Rao,9000010022,CORPORATE,1968-03-11,58
10023,Naveen Rao,9000010023,CORPORATE,1997-03-06,29
10024,Jyothi Reddy,9000010024,CORPORATE,1974-04-06,52
10025,Mohan Iyengar,9000010025,CORPORATE,1969-08-12,56
10026,Deepika Latha,9000010026,CORPORATE,1989-12-10,36
10027,Arun Patil,9000010027,CORPORATE,1996-01-19,30
10028,Anitha Chary,9000010028,CORPORATE,1989-09-27,36
10029,Prakash Mehta,9000010029,CORPORATE,1996-04-11,30
10030,Uma Mehta,9000010030,CORPORATE,1969-07-01,56
10031,Aditya Varma,9000010031,MILAN,1999-05-13,27
10032,Mahesh Ram,9000010032,MILAN,1973-09-15,52
10033,Kavitha Murthy,9000010033,MILAN,1968-09-08,57
10034,Snehal Pillai,9000010034,MILAN,1971-09-09,54
10035,Priya Gupta,9000010035,MILAN,1973-12-07,52
10036,Rahul Gupta,9000010036,MILAN,1957-05-01,69
10037,Venkat Iyengar,9000010037,MILAN,1960-07-19,65
10038,Divya Bharathi,9000010038,MILAN,1950-10-17,75
10039,Ganesh Kulkarni,9000010039,MILAN,1992-08-19,33
10040,Meena Deshmukh,9000010040,MILAN,1951-08-25,74
10041,Deepa Chary,9000010041,MILAN,1982-01-27,44
10042,Aravind Kulkarni,9000010042,MILAN,2000-09-22,25
10043,Aravind Gupta,9000010043,MILAN,1990-08-09,35
10044,Mahesh Babu,9000010044,MILAN,1996-10-20,29
10045,Kavitha Murthy,9000010045,MILAN,1988-06-08,37
10046,Aravind Chary,9000010046,MILAN,1991-04-19,35
10047,Karthik Reddy,9000010047,MILAN,1987-01-10,39
10048,Prasad Patil,9000010048,MILAN,1977-04-04,49
10049,Shilpa Tiwari,9000010049,MILAN,1970-01-03,56
10050,Sunita Menon,9000010050,MILAN,1959-06-11,66
10051,Priyanka Pillai,9000010051,MILAN,1976-02-07,50
10052,Kavitha Murthy,9000010052,MILAN,1993-04-23,33
10053,Lakshmi Joshi,9000010053,MILAN,1963-03-14,63
10054,Aditya Sharma,9000010054,MILAN,1954-07-05,71
10055,Ravi Iyengar,9000010055,MILAN,1992-04-08,34
10056,Manoj Varma,9000010056,MILAN,1956-04-16,70
10057,Arun Kumar,9000010057,MILAN,1973-06-07,52
10058,Arun Babu,9000010058,MILAN,1985-06-30,40
10059,Arun Babu,9000010059,MILAN,1989-11-25,36
10060,Kalyan Sharma,9000010060,MILAN,1973-07-02,52
10061,Deepa Menon,9000010061,SERVICES & OTHERS - KBU,1977-07-25,48
10062,Deepika Prasad,9000010062,SERVICES & OTHERS - KBU,1956-08-15,69
10063,Meena Babu,9000010063,SERVICES & OTHERS - KBU,1987-02-14,39
10064,Geetha Nair,9000010064,SERVICES & OTHERS - KBU,1989-05-26,36
10065,Sandhya Iyengar,9000010065,SERVICES & OTHERS - KBU,1969-12-05,56
10066,Arjun Ram,9000010066,SERVICES & OTHERS - KBU,1951-10-13,74
10067,Manoj Gupta,9000010067,SERVICES & OTHERS - KBU,1971-02-05,55
10068,Ravi Deshmukh,9000010068,SERVICES & OTHERS - KBU,1986-08-18,39
10069,Lakshmi Goud,9000010069,SERVICES & OTHERS - KBU,1984-07-26,41
10070,Kiran Tiwari,9000010070,SERVICES & OTHERS - KBU,1972-04-07,54
10071,Anitha Mehta,9000010071,SERVICES & OTHERS - KBU,1967-11-07,58
10072,Divya Tiwari,9000010072,SERVICES & OTHERS - KBU,1968-09-10,57
10073,Vikram Mehta,9000010073,SERVICES & OTHERS - KBU,1993-06-15,32
10074,Anitha Rao,9000010074,SERVICES & OTHERS - KBU,1962-11-08,63
10075,Kiran Tiwari,9000010075,SERVICES & OTHERS - KBU,1972-06-14,53
10076,Snehal Menon,9000010076,SERVICES & OTHERS - KBU,1985-11-22,40
10077,Sandhya Lal,9000010077,SERVICES & OTHERS - KBU,1956-11-24,69
10078,Priyanka Rani,9000010078,SERVICES & OTHERS - KBU,1977-09-03,48
10079,Sanjay Sarma,9000010079,SERVICES & OTHERS - KBU,1979-08-24,46
10080,Vijay Bharathi,9000010080,SERVICES & OTHERS - KBU,1956-01-02,70
10081,Deepika Singh,9000010081,SERVICES & OTHERS - KBU,1964-10-25,61
10082,Jyothi Menon,9000010082,SERVICES & OTHERS - KBU,1974-01-11,52
10083,Arjun Babu,9000010083,SERVICES & OTHERS - KBU,1982-05-02,44
10084,Deepa Kulkarni,9000010084,SERVICES & OTHERS - KBU,1967-03-19,59
10085,Anil Latha,9000010085,SERVICES & OTHERS - KBU,1975-01-17,51
10086,Deepika Goud,9000010086,SERVICES & OTHERS - KBU,1991-03-01,35
10087,Kavitha Patil,9000010087,SERVICES & OTHERS - KBU,1952-10-25,73
10088,Naveen Sharma,9000010088,SERVICES & OTHERS - KBU,1967-10-14,58
10089,Ravi Goud,9000010089,SERVICES & OTHERS - KBU,1957-08-01,68
10090,Meena Pillai,9000010090,SERVICES & OTHERS - KBU,1963-11-08,62
10091,Jyothi Nair,9000010091,D&E,1998-09-10,27
10092,Shilpa Prasad,9000010092,D&E,1960-09-07,65
10093,Priyanka Rani,9000010093,D&E,1992-09-22,33
10094,Anil Pillai,9000010094,D&E,1971-04-16,55
10095,Mohan Ram,9000010095,D&E,1973-07-04,52
10096,Priyanka Gupta,9000010096,D&E,1987-04-19,39
10097,Ramesh Menon,9000010097,D&E,1987-03-15,39
10098,Sneha Sharma,9000010098,D&E,1990-08-22,35
10099,Deepika Mehta,9000010099,D&E,1965-07-24,60
10100,Venkat Ram,9000010100,D&E,1999-09-13,26
10101,Kiran Gupta,9000010101,D&E,1953-04-04,73
10102,Prakash Bharathi,9000010102,D&E,1991-03-22,35
10103,Deepika Prasad,9000010103,D&E,1991-04-15,35
10104,Divya Patil,9000010104,D&E,1961-11-01,64
10105,Snehal Gupta,9000010105,D&E,1998-09-06,27
10106,Sandhya Varma,9000010106,D&E,1987-11-15,38
10107,Anitha Patil,9000010107,D&E,1969-12-18,56
10108,Ganesh Rao,9000010108,D&E,1994-11-14,31
10109,Aditya Chary,9000010109,D&E,1998-12-04,27
10110,Rajesh Iyengar,9000010110,D&E,1963-11-27,62
10111,Sanjay Tiwari,9000010111,D&E,1975-05-09,51
10112,Priya Gupta,9000010112,D&E,1957-04-11,69
10113,Bhavana Shah,9000010113,D&E,1956-06-09,69
10114,Prakash Varma,9000010114,D&E,1995-09-07,30
10115,Snehal Goud,9000010115,D&E,1959-09-23,66
10116,Snehal Babu,9000010116,D&E,1959-03-06,67
10117,Meena Prasad,9000010117,D&E,1964-09-08,61
10118,Divya Reddy,9000010118,D&E,1990-09-04,35
10119,Manoj Prasad,9000010119,D&E,1961-08-16,64
10120,Sanjay Bharathi,9000010120,D&E,1991-11-03,34
10121,Rahul Prasad,9000010121,ELECTRONICS,1960-11-15,65
10122,Rashmi Nair,9000010122,ELECTRONICS,1984-06-05,41
10123,Snehal Joshi,9000010123,ELECTRONICS,1950-09-23,75
10124,Ganesh Babu,9000010124,ELECTRONICS,1991-07-27,34
10125,Prasad Reddy,9000010125,ELECTRONICS,1981-06-13,44
10126,Aravind Rao,9000010126,ELECTRONICS,1985-09-18,40
10127,Shilpa Ram,9000010127,ELECTRONICS,1955-11-22,70
10128,Rashmi Nair,9000010128,ELECTRONICS,1970-01-24,56
10129,Prasad Iyengar,9000010129,ELECTRONICS,1988-02-01,38
10130,Priya Bharathi,9000010130,ELECTRONICS,1967-08-20,58
10131,Ramesh Singh,9000010131,ELECTRONICS,1969-10-04,56
10132,Shilpa Babu,9000010132,ELECTRONICS,1990-05-04,36
10133,Ramesh Iyengar,9000010133,ELECTRONICS,1994-10-10,31
10134,Ravi Joshi,9000010134,ELECTRONICS,1983-04-04,43
10135,Naveen Ram,9000010135,ELECTRONICS,1969-05-05,57
10136,Venkat Reddy,9000010136,ELECTRONICS,1985-03-13,41
10137,Priyanka Iyengar,9000010137,ELECTRONICS,1960-11-01,65
10138,Uma Rani,9000010138,ELECTRONICS,1996-08-02,29
10139,Ramesh Pillai,9000010139,ELECTRONICS,1970-09-08,55
10140,Venkat Singh,9000010140,ELECTRONICS,1980-10-24,45
10141,Venkat Joshi,9000010141,ELECTRONICS,1962-10-08,63
10142,Deepika Goud,9000010142,ELECTRONICS,1985-12-21,40
10143,Sanjay Chary,9000010143,ELECTRONICS,1971-08-25,54
10144,Mohan Babu,9000010144,ELECTRONICS,1974-03-31,52
10145,Divya Gupta,9000010145,ELECTRONICS,1975-04-01,51
10146,Manoj Goud,9000010146,ELECTRONICS,1991-12-09,34
10147,Sanjay Varma,9000010147,ELECTRONICS,1960-03-06,66
10148,Kalyan Deshmukh,9000010148,ELECTRONICS,1957-02-01,69
10149,Sneha Reddy,9000010149,ELECTRONICS,1980-10-05,45
10150,Deepika Mehta,9000010150,ELECTRONICS,1982-03-15,44
10151,Rashmi Rani,9000010151,PRITHVI,1991-01-01,35
10152,Rajesh Kumar,9000010152,PRITHVI,1963-04-13,63
10153,Divya Singh,9000010153,PRITHVI,1967-11-01,58
10154,Arjun Goud,9000010154,PRITHVI,1987-04-01,39
10155,Roopa Prasad,9000010155,PRITHVI,1991-10-09,34
10156,Swathi Sharma,9000010156,PRITHVI,1953-04-04,73
10157,Meena Sharma,9000010157,PRITHVI,1979-01-11,47
10158,Roopa Prasad,9000010158,PRITHVI,1973-07-10,52
10159,Deepa Kumar,9000010159,PRITHVI,1995-01-15,31
10160,Meena Menon,9000010160,PRITHVI,1974-07-26,51
10161,Rashmi Pillai,9000010161,PRITHVI,1987-11-18,38
10162,Aditya Reddy,9000010162,PRITHVI,1989-02-06,37
10163,Prasad Kulkarni,9000010163,PRITHVI,1961-06-11,64
10164,Sanjay Rao,9000010164,PRITHVI,1979-04-17,47
10165,Snehal Babu,9000010165,PRITHVI,1984-12-17,41
10166,Prasad Murthy,9000010166,PRITHVI,1991-08-04,34
10167,Kalyan Goud,9000010167,PRITHVI,1994-05-16,31
10168,Karthik Mehta,9000010168,PRITHVI,1987-02-27,39
10169,Mohan Iyengar,9000010169,PRITHVI,1991-10-25,34
10170,Swathi Rao,9000010170,PRITHVI,1983-11-10,42
10171,Rahul Bharathi,9000010171,PRITHVI,1976-07-12,49
10172,Venkat Rani,9000010172,PRITHVI,1989-09-06,36
10173,Vikram Ram,9000010173,PRITHVI,1970-09-13,55
10174,Rashmi Kumar,9000010174,PRITHVI,1993-08-26,32
10175,Sandhya Kulkarni,9000010175,PRITHVI,1969-03-12,57
10176,Rajesh Sharma,9000010176,PRITHVI,1990-06-08,35
10177,Prakash Varma,9000010177,PRITHVI,1989-09-12,36
10178,Aditya Ram,9000010178,PRITHVI,1969-01-02,57
10179,Sunita Lal,9000010179,PRITHVI,1983-10-09,42
10180,Sunita Gupta,9000010180,PRITHVI,1960-08-11,65
10181,Suresh Deshmukh,9000010181,CDO,1979-11-03,46
10182,Anil Varma,9000010182,CDO,1983-05-21,42
10183,Mohan Patil,9000010183,CDO,1968-09-20,57
10184,Lakshmi Rao,9000010184,CDO,1992-03-11,34
10185,Harini Deshmukh,9000010185,CDO,1974-06-14,51
10186,Arun Iyengar,9000010186,CDO,1955-08-03,70
10187,Sunita Iyengar,9000010187,CDO,1961-04-30,65
10188,Aditya Menon,9000010188,CDO,1982-08-20,43
10189,Karthik Singh,9000010189,CDO,1960-07-18,65
10190,Rashmi Sharma,9000010190,CDO,1994-07-13,31
10191,Manoj Kumar,9000010191,CDO,1955-12-08,70
10192,Rashmi Murthy,9000010192,CDO,1965-11-15,60
10193,Priyanka Goud,9000010193,CDO,1998-12-31,27
10194,Swathi Shah,9000010194,CDO,1958-01-05,68
10195,Rajesh Mehta,9000010195,CDO,1981-03-12,45
10196,Manoj Deshmukh,9000010196,CDO,1999-05-12,27
10197,Manoj Rani,9000010197,CDO,1982-09-18,43
10198,Padma Sarma,9000010198,CDO,2000-07-16,25
10199,Rahul Shah,9000010199,CDO,1969-04-10,57
10200,Meena Ram,9000010200,CDO,1977-02-03,49
10201,Rajesh Bharathi,9000010201,CDO,2000-04-05,26
10202,Venkat Lal,9000010202,CDO,1969-04-02,57
10203,Arun Lal,9000010203,CDO,1994-05-16,31
10204,Geetha Chary,9000010204,CDO,1980-09-20,45
10205,Padma Reddy,9000010205,CDO,1981-08-15,44
10206,Sandhya Iyengar,9000010206,CDO,1978-12-03,47
10207,Deepika Chary,9000010207,CDO,1989-07-06,36
10208,Ramesh Rani,9000010208,CDO,1977-09-09,48
10209,Anitha Gupta,9000010209,CDO,1964-03-20,62
10210,Prasad Gupta,9000010210,CDO,1995-09-13,30
10211,Padma Varma,9000010211,AKASH,1996-05-23,29
10212,Anitha Iyengar,9000010212,AKASH,1983-02-26,43
10213,Harini Iyengar,9000010213,AKASH,1969-08-14,56
10214,Sanjay Kulkarni,9000010214,AKASH,1983-09-15,42
10215,Shilpa Patil,9000010215,AKASH,1965-09-21,60
10216,Satish Murthy,9000010216,AKASH,1953-03-07,73
10217,Roopa Menon,9000010217,AKASH,1971-02-25,55
10218,Kishore Iyer,9000010218,AKASH,1959-08-20,66
10219,Kalyan Latha,9000010219,AKASH,1990-05-24,35
10220,Venkat Bharathi,9000010220,AKASH,1970-08-09,55
10221,Priyanka Murthy,9000010221,AKASH,1963-01-22,63
10222,Ganesh Murthy,9000010222,AKASH,1982-06-07,43
10223,Ramesh Pillai,9000010223,AKASH,1998-08-09,27
10224,Vikram Pillai,9000010224,AKASH,1962-03-12,64
10225,Karthik Pillai,9000010225,AKASH,1974-04-04,52
10226,Roopa Rani,9000010226,AKASH,1984-04-12,42
10227,Ramesh Gupta,9000010227,AKASH,1975-09-09,50
10228,Prasad Singh,9000010228,AKASH,1950-12-17,75
10229,Jyothi Chary,9000010229,AKASH,1961-09-27,64
10230,Siddharth Varma,9000010230,AKASH,1962-01-16,64
10231,Deepika Iyer,9000010231,AKASH,1996-05-13,30
10232,Suresh Chary,9000010232,AKASH,1985-11-14,40
10233,Arjun Sarma,9000010233,AKASH,1970-10-16,55
10234,Harini Kumar,9000010234,AKASH,1961-12-27,64
10235,Meena Chary,9000010235,AKASH,1984-06-17,41
10236,Karthik Shah,9000010236,AKASH,1995-07-12,30
10237,Satish Rani,9000010237,AKASH,1998-12-31,27
10238,Bhavana Lal,9000010238,AKASH,1982-08-01,43
10239,Prakash Kumar,9000010239,AKASH,1975-01-17,51
10240,Siddharth Bharathi,9000010240,AKASH,1968-01-20,58
10241,Naveen Iyengar,9000010241,CPED,1951-03-13,75
10242,Kishore Patil,9000010242,CPED,1995-08-19,30
10243,Venkat Pillai,9000010243,CPED,1985-03-31,41
10244,Deepa Iyer,9000010244,CPED,1965-06-09,60
10245,Sunita Prasad,9000010245,CPED,1980-01-09,46
10246,Shilpa Singh,9000010246,CPED,1967-06-03,58
10247,Sanjay Singh,9000010247,CPED,1953-09-16,72
10248,Anil Sarma,9000010248,CPED,1954-03-01,72
10249,Arun Joshi,9000010249,CPED,1959-04-18,67
10250,Priyanka Varma,9000010250,CPED,1979-10-04,46
10251,Ravi Rao,9000010251,CPED,1962-08-21,63
10252,Siddharth Sarma,9000010252,CPED,1991-06-14,34
10253,Kishore Gupta,9000010253,CPED,1968-03-26,58
10254,Sandhya Goud,9000010254,CPED,1957-07-02,68
10255,Deepika Menon,9000010255,CPED,1997-02-23,29
10256,Deepika Pillai,9000010256,CPED,1988-11-16,37
10257,Meena Kulkarni,9000010257,CPED,1998-02-05,28
10258,Rajesh Patil,9000010258,CPED,1991-02-21,35
10259,Mohan Gupta,9000010259,CPED,1979-10-06,46
10260,Suresh Deshmukh,9000010260,CPED,1950-05-18,75
10261,Sunita Iyengar,9000010261,CPED,1979-07-15,46
10262,Naveen Murthy,9000010262,CPED,1954-06-14,71
10263,Ganesh Kumar,9000010263,CPED,1996-07-14,29
10264,Aditya Rao,9000010264,CPED,1957-05-25,68
10265,Harini Tiwari,9000010265,CPED,1955-06-03,70
10266,Geetha Murthy,9000010266,CPED,1973-11-25,52
10267,Snehal Babu,9000010267,CPED,1985-03-10,41
10268,Snehal Reddy,9000010268,CPED,1986-06-17,39
10269,Priyanka Gupta,9000010269,CPED,1982-06-07,43
10270,Shilpa Mehta,9000010270,CPED,1958-10-01,67
10271,Anil Pillai,9000010271,CP-IGMP,1980-11-15,45
10272,Jyothi Gupta,9000010272,CP-IGMP,1986-11-03,39
10273,Satish Bharathi,9000010273,CP-IGMP,1957-07-22,68
10274,Kishore Shah,9000010274,CP-IGMP,1976-08-01,49
10275,Meena Patil,9000010275,CP-IGMP,1990-03-19,36
10276,Anitha Kumar,9000010276,CP-IGMP,1961-08-10,64
10277,Jyothi Bharathi,9000010277,CP-IGMP,1969-05-08,57
10278,Prakash Ram,9000010278,CP-IGMP,1991-12-08,34
10279,Swathi Prasad,9000010279,CP-IGMP,1987-09-04,38
10280,Geetha Ram,9000010280,CP-IGMP,1995-05-26,30
10281,Sunita Singh,9000010281,CP-IGMP,1981-02-16,45
10282,Ramesh Iyengar,9000010282,CP-IGMP,1957-06-03,68
10283,Anil Pillai,9000010283,CP-IGMP,1996-06-11,29
10284,Venkat Prasad,9000010284,CP-IGMP,2000-10-14,25
10285,Arun Rao,9000010285,CP-IGMP,1950-11-11,75
10286,Aravind Nair,9000010286,CP-IGMP,1968-03-07,58
10287,Rahul Joshi,9000010287,CP-IGMP,1992-10-01,33
10288,Geetha Prasad,9000010288,CP-IGMP,1989-07-16,36
10289,Divya Kulkarni,9000010289,CP-IGMP,1980-11-04,45
10290,Snehal Reddy,9000010290,CP-IGMP,1969-10-27,56
10291,Kavitha Ram,9000010291,CP-IGMP,1958-10-10,67
10292,Kalyan Nair,9000010292,CP-IGMP,1981-10-21,44
10293,Divya Patil,9000010293,CP-IGMP,1959-07-23,66
10294,Prakash Chary,9000010294,CP-IGMP,1996-11-19,29
10295,Jyothi Tiwari,9000010295,CP-IGMP,1977-07-22,48
10296,Priyanka Latha,9000010296,CP-IGMP,1959-12-15,66
10297,Swathi Tiwari,9000010297,CP-IGMP,1971-03-06,55
10298,Sanjay Kumar,9000010298,CP-IGMP,1956-01-05,70
10299,Vikram Pillai,9000010299,CP-IGMP,1997-08-23,28
10300,Meena Rao,9000010300,CP-IGMP,1967-08-21,58
10301,Karthik Iyer,9000010301,SFD,1996-06-09,29
10302,Ganesh Sarma,9000010302,SFD,1961-10-15,64
10303,Ravi Reddy,9000010303,SFD,1978-03-20,48
10304,Kiran Sarma,9000010304,SFD,1981-07-23,44
10305,Geetha Sharma,9000010305,SFD,1968-10-26,57
10306,Priyanka Patil,9000010306,SFD,1967-06-22,58
10307,Aditya Lal,9000010307,SFD,1994-02-04,32
10308,Prakash Prasad,9000010308,SFD,1995-02-23,31
10309,Siddharth Joshi,9000010309,SFD,1997-05-21,28
10310,Sandhya Nair,9000010310,SFD,1978-02-21,48
10311,Kishore Iyengar,9000010311,SFD,1976-06-17,49
10312,Padma Pillai,9000010312,SFD,1955-07-05,70
10313,Arjun Babu,9000010313,SFD,1961-02-21,65
10314,Deepa Reddy,9000010314,SFD,1989-06-11,36
10315,Jyothi Deshmukh,9000010315,SFD,1973-06-17,52
10316,Kishore Iyengar,9000010316,SFD,1953-08-23,72
10317,Harini Nair,9000010317,SFD,1999-10-27,26
10318,Sanjay Sarma,9000010318,SFD,1950-10-26,75
10319,Manoj Lal,9000010319,SFD,1968-02-12,58
10320,Kiran Lal,9000010320,SFD,1977-06-27,48
10321,Prakash Sarma,9000010321,SFD,1980-12-14,45
10322,Naveen Iyengar,9000010322,SFD,1999-04-01,27
10323,Vikram Gupta,9000010323,SFD,1973-12-22,52
10324,Padma Rani,9000010324,SFD,1953-11-18,72
10325,Priya Kumar,9000010325,SFD,2000-09-20,25
10326,Padma Rani,9000010326,SFD,1978-12-04,47
10327,Ravi Mehta,9000010327,SFD,1958-08-19,67
10328,Lakshmi Nair,9000010328,SFD,1988-01-06,38
10329,Arjun Nair,9000010329,SFD,1986-11-18,39
10330,Priya Joshi,9000010330,SFD,1960-07-06,65
10331,Siddharth Gupta,9000010331,NAG,1991-02-12,35
10332,Rajesh Deshmukh,9000010332,NAG,1965-04-16,61
10333,Rashmi Sharma,9000010333,NAG,1976-11-19,49
10334,Vikram Sarma,9000010334,NAG,1974-11-08,51
10335,Anil Sarma,9000010335,NAG,1963-03-21,63
10336,Ravi Latha,9000010336,NAG,1993-03-11,33
10337,Jyothi Rao,9000010337,NAG,1963-02-14,63
10338,Rashmi Gupta,9000010338,NAG,1991-08-01,34
10339,Mahesh Iyer,9000010339,NAG,1969-04-10,57
10340,Arun Shah,9000010340,NAG,1999-08-25,26
10341,Anil Tiwari,9000010341,NAG,1996-01-08,30
10342,Roopa Menon,9000010342,NAG,1991-04-14,35
10343,Meena Gupta,9000010343,NAG,1968-09-23,57
10344,Snehal Deshmukh,9000010344,NAG,1993-01-03,33
10345,Deepika Rani,9000010345,NAG,1952-01-13,74
10346,Priya Latha,9000010346,NAG,1961-05-16,64
10347,Padma Tiwari,9000010347,NAG,1955-03-07,71
10348,Karthik Tiwari,9000010348,NAG,1999-05-07,27
10349,Ravi Prasad,9000010349,NAG,1988-11-15,37
10350,Ganesh Sharma,9000010350,NAG,1957-09-17,68
10351,Aditya Reddy,9000010351,NAG,1967-07-16,58
10352,Jyothi Iyengar,9000010352,NAG,1967-06-16,58
10353,Rashmi Tiwari,9000010353,NAG,1994-01-02,32
10354,Kavitha Goud,9000010354,NAG,1992-04-23,34
10355,Padma Joshi,9000010355,NAG,1994-04-27,32
10356,Mohan Pillai,9000010356,NAG,1978-12-09,47
10357,Uma Goud,9000010357,NAG,1972-06-11,53
10358,Sanjay Iyer,9000010358,NAG,1962-01-17,64
10359,Rashmi Menon,9000010359,NAG,1957-07-07,68
10360,Karthik Gupta,9000010360,NAG,1988-07-06,37
10361,Sandhya Goud,9000010361,GSD,1997-11-19,28
10362,Ravi Nair,9000010362,GSD,1996-04-06,30
10363,Anil Bharathi,9000010363,GSD,1975-06-15,50
10364,Snehal Joshi,9000010364,GSD,1993-06-16,32
10365,Anil Chary,9000010365,GSD,1960-11-02,65
10366,Siddharth Goud,9000010366,GSD,1974-08-02,51
10367,Kalyan Nair,9000010367,GSD,1993-08-14,32
10368,Anil Menon,9000010368,GSD,1986-11-30,39
10369,Deepa Mehta,9000010369,GSD,1986-07-21,39
10370,Aravind Sharma,9000010370,GSD,1974-10-21,51
10371,Shilpa Sharma,9000010371,GSD,1975-10-01,50
10372,Arun Deshmukh,9000010372,GSD,1959-02-23,67
10373,Prasad Iyengar,9000010373,GSD,1983-11-05,42
10374,Karthik Latha,9000010374,GSD,1984-03-24,42
10375,Shilpa Bharathi,9000010375,GSD,1998-05-20,27
10376,Deepika Bharathi,9000010376,GSD,1978-08-09,47
10377,Bhavana Joshi,9000010377,GSD,1989-02-02,37
10378,Priya Rani,9000010378,GSD,1972-11-17,53
10379,Manoj Ram,9000010379,GSD,1967-01-17,59
10380,Kalyan Rani,9000010380,GSD,1991-10-18,34
10381,Sunita Murthy,9000010381,GSD,1961-05-18,64
10382,Swathi Rani,9000010382,GSD,1968-11-14,57
10383,Vikram Kulkarni,9000010383,GSD,1990-12-11,35
10384,Jyothi Patil,9000010384,GSD,1967-11-22,58
10385,Kiran Reddy,9000010385,GSD,1961-11-09,64
10386,Aditya Nair,9000010386,GSD,1957-12-01,68
10387,Ganesh Menon,9000010387,GSD,1955-09-12,70
10388,Sandhya Sarma,9000010388,GSD,1996-10-09,29
10389,Divya Patil,9000010389,GSD,1955-12-13,70
10390,Kiran Chary,9000010390,GSD,1967-12-08,58
10391,Sunita Kumar,9000010391,REFURBISHMENT,1994-08-23,31
10392,Meena Nair,9000010392,REFURBISHMENT,1964-03-13,62
10393,Meena Shah,9000010393,REFURBISHMENT,1992-03-06,34
10394,Anil Tiwari,9000010394,REFURBISHMENT,1978-01-05,48
10395,Arun Tiwari,9000010395,REFURBISHMENT,1962-05-09,64
10396,Kishore Prasad,9000010396,REFURBISHMENT,1971-09-25,54
10397,Aravind Pillai,9000010397,REFURBISHMENT,1990-12-21,35
10398,Ramesh Nair,9000010398,REFURBISHMENT,1993-07-10,32
10399,Padma Rani,9000010399,REFURBISHMENT,1988-03-13,38
10400,Vikram Rao,9000010400,REFURBISHMENT,1997-08-26,28
10401,Sandhya Kulkarni,9000010401,REFURBISHMENT,1986-05-16,39
10402,Arjun Babu,9000010402,REFURBISHMENT,1969-02-07,57
10403,Snehal Joshi,9000010403,REFURBISHMENT,1999-03-16,27
10404,Kishore Chary,9000010404,REFURBISHMENT,1962-11-10,63
10405,Mahesh Murthy,9000010405,REFURBISHMENT,1968-02-03,58
10406,Priya Reddy,9000010406,REFURBISHMENT,1986-04-06,40
10407,Priyanka Menon,9000010407,REFURBISHMENT,1968-12-06,57
10408,Kishore Sharma,9000010408,REFURBISHMENT,1980-05-10,46
10409,Vijay Gupta,9000010409,REFURBISHMENT,1990-02-26,36
10410,Aravind Kulkarni,9000010410,REFURBISHMENT,1978-07-21,47
10411,Rashmi Pillai,9000010411,REFURBISHMENT,1990-02-14,36
10412,Kishore Lal,9000010412,REFURBISHMENT,1963-07-07,62
10413,Rahul Chary,9000010413,REFURBISHMENT,1965-10-09,60
10414,Kiran Bharathi,9000010414,REFURBISHMENT,1962-11-19,63
10415,Ramesh Rani,9000010415,REFURBISHMENT,1961-07-11,64
10416,Anil Sarma,9000010416,REFURBISHMENT,1969-08-07,56
10417,Harini Pillai,9000010417,REFURBISHMENT,1993-08-20,32
10418,Ganesh Mehta,9000010418,REFURBISHMENT,1969-10-03,56
10419,Vikram Patil,9000010419,REFURBISHMENT,1963-01-18,63
10420,Padma Chary,9000010420,REFURBISHMENT,1953-06-22,72
10421,Kalyan Bharathi,9000010421,LR-SAM,1999-12-19,26
10422,Padma Murthy,9000010422,LR-SAM,1984-08-27,41
10423,Kiran Babu,9000010423,LR-SAM,1973-07-21,52
10424,Prakash Reddy,9000010424,LR-SAM,1995-09-16,30
10425,Suresh Iyengar,9000010425,LR-SAM,1988-11-21,37
10426,Ganesh Bharathi,9000010426,LR-SAM,2000-03-06,26
10427,Rajesh Shah,9000010427,LR-SAM,1958-10-24,67
10428,Venkat Prasad,9000010428,LR-SAM,1971-09-18,54
10429,Priya Goud,9000010429,LR-SAM,1976-08-06,49
10430,Divya Ram,9000010430,LR-SAM,1954-04-11,72
10431,Meena Shah,9000010431,LR-SAM,1998-03-14,28
10432,Snehal Gupta,9000010432,LR-SAM,1959-11-02,66
10433,Rahul Tiwari,9000010433,LR-SAM,1956-06-11,69
10434,Venkat Sarma,9000010434,LR-SAM,1985-02-10,41
10435,Suresh Iyer,9000010435,LR-SAM,1985-08-13,40
10436,Mahesh Joshi,9000010436,LR-SAM,1988-02-13,38
10437,Naveen Gupta,9000010437,LR-SAM,1965-04-25,61
10438,Anitha Lal,9000010438,LR-SAM,1975-03-25,51
10439,Ganesh Reddy,9000010439,LR-SAM,1993-12-24,32
10440,Rajesh Kulkarni,9000010440,LR-SAM,1998-04-23,28
10441,Prakash Iyer,9000010441,LR-SAM,1992-11-10,33
10442,Prakash Nair,9000010442,LR-SAM,1987-06-17,38
10443,Sunita Kumar,9000010443,LR-SAM,1972-12-10,53
10444,Priyanka Shah,9000010444,LR-SAM,1990-12-07,35
10445,Priya Latha,9000010445,LR-SAM,1993-12-06,32
10446,Lakshmi Ram,9000010446,LR-SAM,1975-01-15,51
10447,Harini Mehta,9000010447,LR-SAM,1951-03-18,75
10448,Venkat Sharma,9000010448,LR-SAM,1959-10-11,66
10449,Deepa Patil,9000010449,LR-SAM,1981-10-10,44
10450,Prakash Prasad,9000010450,LR-SAM,1951-12-15,74
10451,Mahesh Pillai,9000010451,B-05,1988-03-02,38
10452,Naveen Lal,9000010452,B-05,1995-06-14,30
10453,Meena Ram,9000010453,B-05,1972-05-20,53
10454,Ravi Rani,9000010454,B-05,1958-10-06,67
10455,Manoj Ram,9000010455,B-05,1952-08-14,73
10456,Sanjay Tiwari,9000010456,B-05,1988-12-27,37
10457,Vijay Tiwari,9000010457,B-05,1974-08-20,51
10458,Kalyan Rao,9000010458,B-05,1954-05-17,71
10459,Ravi Iyer,9000010459,B-05,1959-10-06,66
10460,Roopa Iyengar,9000010460,B-05,1971-09-21,54
10461,Mahesh Menon,9000010461,B-05,1977-12-01,48
10462,Prakash Prasad,9000010462,B-05,1988-11-14,37
10463,Deepa Mehta,9000010463,B-05,1990-10-11,35
10464,Sanjay Reddy,9000010464,B-05,1997-11-04,28
10465,Rahul Ram,9000010465,B-05,1989-09-01,36
10466,Kalyan Pillai,9000010466,B-05,1970-05-06,56
10467,Mahesh Nair,9000010467,B-05,1962-01-21,64
10468,Shilpa Murthy,9000010468,B-05,1955-09-04,70
10469,Sneha Shah,9000010469,B-05,1950-03-01,76
10470,Harini Nair,9000010470,B-05,1986-05-06,40
10471,Kishore Goud,9000010471,B-05,1956-05-03,70
10472,Harini Pillai,9000010472,B-05,1977-09-23,48
10473,Deepa Gupta,9000010473,B-05,1986-12-10,39
10474,Priyanka Nair,9000010474,B-05,1959-06-26,66
10475,Kavitha Rao,9000010475,B-05,1970-10-26,55
10476,Kiran Shah,9000010476,B-05,1975-02-20,51
10477,Vikram Latha,9000010477,B-05,1976-04-04,50
10478,Rajesh Goud,9000010478,B-05,1989-07-19,36
10479,Geetha Singh,9000010479,B-05,1954-12-13,71
10480,Priya Goud,9000010480,B-05,1983-09-08,42
10481,Venkat Kumar,9000010481,VIZAG UNIT,1958-10-24,67
10482,Aditya Pillai,9000010482,VIZAG UNIT,1972-04-06,54
10483,Ramesh Tiwari,9000010483,VIZAG UNIT,1980-10-25,45
10484,Deepa Prasad,9000010484,VIZAG UNIT,1950-05-21,75
10485,Manoj Latha,9000010485,VIZAG UNIT,1957-08-03,68
10486,Uma Shah,9000010486,VIZAG UNIT,1977-05-18,48
10487,Venkat Nair,9000010487,VIZAG UNIT,1995-11-09,30
10488,Priyanka Shah,9000010488,VIZAG UNIT,1965-09-22,60
10489,Anil Chary,9000010489,VIZAG UNIT,1973-05-09,53
10490,Mahesh Gupta,9000010490,VIZAG UNIT,1999-01-06,27
10491,Aditya Murthy,9000010491,VIZAG UNIT,1957-12-20,68
10492,Harini Patil,9000010492,VIZAG UNIT,1977-12-11,48
10493,Divya Babu,9000010493,VIZAG UNIT,1985-07-27,40
10494,Uma Tiwari,9000010494,VIZAG UNIT,1954-09-17,71
10495,Rajesh Menon,9000010495,VIZAG UNIT,1992-07-01,33
10496,Satish Nair,9000010496,VIZAG UNIT,1994-02-24,32
10497,Harini Joshi,9000010497,VIZAG UNIT,1991-03-22,35
10498,Lakshmi Sharma,9000010498,VIZAG UNIT,1964-11-09,61
10499,Anil Patil,9000010499,VIZAG UNIT,1985-03-10,41
10500,Vikram Babu,9000010500,VIZAG UNIT,1971-02-25,55
10501,Meena Deshmukh,9000010501,VIZAG UNIT,1983-06-25,42
10502,Anitha Varma,9000010502,VIZAG UNIT,1967-05-08,59
10503,Rajesh Menon,9000010503,VIZAG UNIT,1953-01-03,73
10504,Roopa Sarma,9000010504,VIZAG UNIT,1986-03-07,40
10505,Priya Varma,9000010505,VIZAG UNIT,1959-10-27,66
10506,Snehal Lal,9000010506,VIZAG UNIT,1991-05-13,35
10507,Venkat Murthy,9000010507,VIZAG UNIT,1992-02-21,34
10508,Sneha Goud,9000010508,VIZAG UNIT,1951-10-01,74
10509,Sandhya Kumar,9000010509,VIZAG UNIT,1997-03-19,29
10510,Ganesh Bharathi,9000010510,VIZAG UNIT,1952-05-04,74
10511,Divya Shah,9000010511,KONKURS-M,1952-04-30,74
10512,Roopa Nair,9000010512,KONKURS-M,1982-05-04,44
10513,Aravind Kumar,9000010513,KONKURS-M,1974-06-02,51
10514,Kishore Babu,9000010514,KONKURS-M,1950-04-04,76
10515,Sneha Joshi,9000010515,KONKURS-M,1971-09-13,54
10516,Sanjay Mehta,9000010516,KONKURS-M,1986-05-01,40
10517,Anitha Tiwari,9000010517,KONKURS-M,1991-11-18,34
10518,Karthik Gupta,9000010518,KONKURS-M,1958-07-18,67
10519,Aravind Kulkarni,9000010519,KONKURS-M,1964-09-04,61
10520,Roopa Varma,9000010520,KONKURS-M,1976-07-27,49
10521,Arun Ram,9000010521,KONKURS-M,1963-11-10,62
10522,Rashmi Pillai,9000010522,KONKURS-M,1997-04-14,29
10523,Anil Deshmukh,9000010523,KONKURS-M,1977-07-01,48
10524,Aravind Rao,9000010524,KONKURS-M,1974-12-07,51
10525,Vikram Sarma,9000010525,KONKURS-M,1986-09-02,39
10526,Deepa Mehta,9000010526,KONKURS-M,1998-06-02,27
10527,Uma Varma,9000010527,KONKURS-M,1974-09-12,51
10528,Shilpa Rani,9000010528,KONKURS-M,1979-06-03,46
10529,Prasad Tiwari,9000010529,KONKURS-M,1993-12-26,32
10530,Naveen Menon,9000010530,KONKURS-M,1967-12-06,58
10531,Siddharth Deshmukh,9000010531,KONKURS-M,1951-05-31,74
10532,Sandhya Tiwari,9000010532,KONKURS-M,1997-06-15,28
10533,Shilpa Reddy,9000010533,KONKURS-M,1992-01-16,34
10534,Priyanka Tiwari,9000010534,KONKURS-M,1969-07-19,56
10535,Ganesh Iyer,9000010535,KONKURS-M,1991-04-02,35
10536,Naveen Patil,9000010536,KONKURS-M,1970-07-04,55
10537,Venkat Singh,9000010537,KONKURS-M,1962-12-01,63
10538,Swathi Rani,9000010538,KONKURS-M,1972-04-02,54
10539,Venkat Kumar,9000010539,KONKURS-M,1978-08-22,47
10540,Swathi Patil,9000010540,KONKURS-M,1993-05-17,32
10541,Sunita Patil,9000010541,COMPONENTS PRODUCTION,1980-11-30,45
10542,Aditya Pillai,9000010542,COMPONENTS PRODUCTION,1983-04-15,43
10543,Sanjay Pillai,9000010543,COMPONENTS PRODUCTION,1959-03-27,67
10544,Ravi Murthy,9000010544,COMPONENTS PRODUCTION,1971-02-13,55
10545,Mohan Rao,9000010545,COMPONENTS PRODUCTION,1980-09-03,45
10546,Kiran Iyer,9000010546,COMPONENTS PRODUCTION,1987-01-02,39
10547,Karthik Ram,9000010547,COMPONENTS PRODUCTION,1976-05-20,49
10548,Ravi Ram,9000010548,COMPONENTS PRODUCTION,1975-05-13,51
10549,Priya Joshi,9000010549,COMPONENTS PRODUCTION,1998-04-01,28
10550,Naveen Rani,9000010550,COMPONENTS PRODUCTION,1995-10-20,30
10551,Anil Pillai,9000010551,COMPONENTS PRODUCTION,1968-12-02,57
10552,Mohan Rani,9000010552,COMPONENTS PRODUCTION,1953-09-07,72
10553,Prasad Kumar,9000010553,COMPONENTS PRODUCTION,1952-12-24,73
10554,Jyothi Rao,9000010554,COMPONENTS PRODUCTION,1996-02-12,30
10555,Siddharth Murthy,9000010555,COMPONENTS PRODUCTION,1967-09-16,58
10556,Ramesh Shah,9000010556,COMPONENTS PRODUCTION,1971-10-23,54
10557,Kishore Joshi,9000010557,COMPONENTS PRODUCTION,1965-09-04,60
10558,Naveen Goud,9000010558,COMPONENTS PRODUCTION,1977-03-16,49
10559,Satish Lal,9000010559,COMPONENTS PRODUCTION,1959-01-08,67
10560,Rashmi Chary,9000010560,COMPONENTS PRODUCTION,1968-04-14,58
10561,Ravi Sarma,9000010561,COMPONENTS PRODUCTION,1992-08-10,33
10562,Prasad Goud,9000010562,COMPONENTS PRODUCTION,1971-11-08,54
10563,Prasad Sharma,9000010563,COMPONENTS PRODUCTION,1955-12-31,70
10564,Shilpa Varma,9000010564,COMPONENTS PRODUCTION,1995-07-27,30
10565,Rashmi Murthy,9000010565,COMPONENTS PRODUCTION,1979-10-11,46
10566,Kalyan Chary,9000010566,COMPONENTS PRODUCTION,1992-07-15,33
10567,Rashmi Rao,9000010567,COMPONENTS PRODUCTION,1959-04-13,67
10568,Ganesh Menon,9000010568,COMPONENTS PRODUCTION,1979-03-18,47
10569,Arun Kumar,9000010569,COMPONENTS PRODUCTION,1969-03-23,57
10570,Sunita Sarma,9000010570,COMPONENTS PRODUCTION,1958-05-07,68
10571,Jyothi Latha,9000010571,SERVICES & OTHERS - BG,1981-01-12,45
10572,Anil Pillai,9000010572,SERVICES & OTHERS - BG,1981-05-27,44
10573,Kavitha Joshi,9000010573,SERVICES & OTHERS - BG,1977-04-18,49
10574,Mohan Shah,9000010574,SERVICES & OTHERS - BG,1990-07-16,35
10575,Kalyan Varma,9000010575,SERVICES & OTHERS - BG,1983-02-12,43
10576,Swathi Singh,9000010576,SERVICES & OTHERS - BG,2000-07-17,25
10577,Naveen Nair,9000010577,SERVICES & OTHERS - BG,1994-08-13,31
10578,Divya Nair,9000010578,SERVICES & OTHERS - BG,1952-04-18,74
10579,Manoj Prasad,9000010579,SERVICES & OTHERS - BG,1978-12-15,47
10580,Rahul Deshmukh,9000010580,SERVICES & OTHERS - BG,1953-09-25,72
10581,Deepa Rao,9000010581,SERVICES & OTHERS - BG,1995-05-12,31
10582,Venkat Gupta,9000010582,SERVICES & OTHERS - BG,1999-01-08,27
10583,Sandhya Murthy,9000010583,SERVICES & OTHERS - BG,1968-09-14,57
10584,Shilpa Chary,9000010584,SERVICES & OTHERS - BG,1978-09-09,47
10585,Ramesh Goud,9000010585,SERVICES & OTHERS - BG,1958-01-14,68
10586,Lakshmi Kulkarni,9000010586,SERVICES & OTHERS - BG,1970-12-08,55
10587,Vikram Iyer,9000010587,SERVICES & OTHERS - BG,1962-04-14,64
10588,Deepika Tiwari,9000010588,SERVICES & OTHERS - BG,1960-05-05,66
10589,Vikram Nair,9000010589,SERVICES & OTHERS - BG,1993-06-06,32
10590,Siddharth Prasad,9000010590,SERVICES & OTHERS - BG,1969-08-23,56
10591,Rajesh Patil,9000010591,SERVICES & OTHERS - BG,1968-10-17,57
10592,Ravi Singh,9000010592,SERVICES & OTHERS - BG,1992-04-18,34
10593,Bhavana Iyer,9000010593,SERVICES & OTHERS - BG,1993-01-13,33
10594,Jyothi Kulkarni,9000010594,SERVICES & OTHERS - BG,2000-08-06,25
10595,Manoj Shah,9000010595,SERVICES & OTHERS - BG,1978-10-08,47
10596,Siddharth Joshi,9000010596,SERVICES & OTHERS - BG,1968-02-23,58
10597,Shilpa Prasad,9000010597,SERVICES & OTHERS - BG,1988-08-13,37
10598,Kavitha Ram,9000010598,SERVICES & OTHERS - BG,1952-06-21,73
10599,Anitha Iyengar,9000010599,SERVICES & OTHERS - BG,1982-11-17,43
10600,Manoj Pillai,9000010600,SERVICES & OTHERS - BG,2000-11-25,25
10601,Naveen Latha,9000010601,INVAR,1973-06-18,52
10602,Uma Chary,9000010602,INVAR,1976-10-11,49
10603,Sunita Patil,9000010603,INVAR,1954-04-14,72
10604,Shilpa Iyengar,9000010604,INVAR,1972-06-05,53
10605,Snehal Lal,9000010605,INVAR,1988-08-19,37
10606,Jyothi Iyengar,9000010606,INVAR,1962-03-01,64
10607,Venkat Sarma,9000010607,INVAR,1971-11-01,54
10608,Satish Goud,9000010608,INVAR,1968-12-03,57
10609,Divya Sarma,9000010609,INVAR,1965-09-07,60
10610,Swathi Singh,9000010610,INVAR,1994-09-16,31
10611,Rajesh Chary,9000010611,INVAR,1970-04-11,56
10612,Mahesh Goud,9000010612,INVAR,1992-05-14,33
10613,Swathi Reddy,9000010613,INVAR,1953-08-01,72
10614,Sunita Pillai,9000010614,INVAR,1970-10-27,55
10615,Rajesh Iyer,9000010615,INVAR,1969-04-30,57
10616,Mohan Prasad,9000010616,INVAR,1997-03-08,29
10617,Aditya Reddy,9000010617,INVAR,1999-12-03,26
10618,Manoj Lal,9000010618,INVAR,1969-07-20,56
10619,Vikram Shah,9000010619,INVAR,1952-11-14,73
10620,Anil Ram,9000010620,INVAR,1953-04-16,73
10621,Sanjay Ram,9000010621,INVAR,1975-11-10,50
10622,Ravi Singh,9000010622,INVAR,1954-12-06,71
10623,Suresh Iyer,9000010623,INVAR,1979-05-27,46
10624,Uma Goud,9000010624,INVAR,2000-06-11,25
10625,Venkat Rani,9000010625,INVAR,1993-09-04,32
10626,Suresh Bharathi,9000010626,INVAR,1972-11-21,53
10627,Uma Nair,9000010627,INVAR,1992-11-03,33
10628,Rahul Rao,9000010628,INVAR,1982-12-20,43
10629,Lakshmi Pillai,9000010629,INVAR,1993-06-01,32
10630,Naveen Gupta,9000010630,INVAR,1955-06-15,70
10631,Priya Patil,9000010631,LAUNCHER,1975-06-07,50
10632,Arun Varma,9000010632,LAUNCHER,1983-04-09,43
10633,Geetha Sharma,9000010633,LAUNCHER,1987-07-09,38
10634,Sneha Latha,9000010634,LAUNCHER,1962-06-08,63
10635,Anitha Nair,9000010635,LAUNCHER,1982-06-01,43
10636,Rashmi Kumar,9000010636,LAUNCHER,1965-11-23,60
10637,Prasad Sarma,9000010637,LAUNCHER,1998-11-26,27
10638,Kavitha Shah,9000010638,LAUNCHER,1972-04-13,54
10639,Naveen Bharathi,9000010639,LAUNCHER,1997-05-04,29
10640,Ramesh Patil,9000010640,LAUNCHER,1972-07-23,53
10641,Padma Bharathi,9000010641,LAUNCHER,1956-01-14,70
10642,Meena Tiwari,9000010642,LAUNCHER,1971-01-03,55
10643,Uma Chary,9000010643,LAUNCHER,1974-06-17,51
10644,Swathi Rani,9000010644,LAUNCHER,1969-06-26,56
10645,Suresh Chary,9000010645,LAUNCHER,1974-01-24,52
10646,Rajesh Nair,9000010646,LAUNCHER,1987-07-08,38
10647,Bhavana Joshi,9000010647,LAUNCHER,1989-07-01,36
10648,Arun Sharma,9000010648,LAUNCHER,1957-04-12,69
10649,Kishore Goud,9000010649,LAUNCHER,1986-01-21,40
10650,Deepa Kulkarni,9000010650,LAUNCHER,1975-04-01,51
10651,Sanjay Prasad,9000010651,LAUNCHER,1999-03-11,27
10652,Venkat Patil,9000010652,LAUNCHER,1991-11-05,34
10653,Aditya Varma,9000010653,LAUNCHER,1972-10-05,53
10654,Sneha Nair,9000010654,LAUNCHER,1993-04-05,33
10655,Arun Lal,9000010655,LAUNCHER,1960-05-02,66
10656,Deepika Babu,9000010656,LAUNCHER,1956-03-27,70
10657,Ganesh Sharma,9000010657,LAUNCHER,1989-01-23,37
10658,Satish Deshmukh,9000010658,LAUNCHER,1962-01-09,64
10659,Ganesh Latha,9000010659,LAUNCHER,1980-11-30,45
10660,Arun Sarma,9000010660,LAUNCHER,1985-02-16,41
10661,Deepa Singh,9000010661,ASTRA,1989-04-15,37
10662,Kiran Kumar,9000010662,ASTRA,1958-06-26,67
10663,Kiran Patil,9000010663,ASTRA,1961-08-15,64
10664,Aravind Sharma,9000010664,ASTRA,2000-03-17,26
10665,Mahesh Babu,9000010665,ASTRA,1954-10-04,71
10666,Swathi Babu,9000010666,ASTRA,1984-01-08,42
10667,Divya Lal,9000010667,ASTRA,1997-06-19,28
10668,Aravind Singh,9000010668,ASTRA,1970-06-11,55
10669,Aravind Deshmukh,9000010669,ASTRA,1985-07-11,40
10670,Sanjay Rao,9000010670,ASTRA,1959-10-07,66
10671,Deepa Iyer,9000010671,ASTRA,1972-07-24,53
10672,Aravind Sarma,9000010672,ASTRA,1972-06-21,53
10673,Deepika Rani,9000010673,ASTRA,1996-01-11,30
10674,Vijay Chary,9000010674,ASTRA,1950-04-21,76
10675,Anil Prasad,9000010675,ASTRA,2000-02-11,26
10676,Roopa Murthy,9000010676,ASTRA,1956-07-17,69
10677,Kavitha Varma,9000010677,ASTRA,1999-12-22,26
10678,Bhavana Tiwari,9000010678,ASTRA,2000-09-11,25
10679,Satish Lal,9000010679,ASTRA,1998-10-27,27
10680,Harini Patil,9000010680,ASTRA,1957-05-21,68
10681,Sanjay Latha,9000010681,ASTRA,1993-04-30,33
10682,Rajesh Kulkarni,9000010682,ASTRA,1964-07-10,61
10683,Uma Menon,9000010683,ASTRA,1969-04-08,57
10684,Priyanka Sharma,9000010684,ASTRA,1953-09-17,72
10685,Ravi Joshi,9000010685,ASTRA,1979-06-20,46
10686,Shilpa Prasad,9000010686,ASTRA,1973-07-21,52
10687,Mohan Murthy,9000010687,ASTRA,1978-09-19,47
10688,Uma Mehta,9000010688,ASTRA,1965-09-27,60
10689,Geetha Mehta,9000010689,ASTRA,1962-04-12,64
10690,Karthik Reddy,9000010690,ASTRA,1961-06-22,64